{
  "models": {
    "Dataset002_enhance_and_abnormality": {
      "overall": {
        "Dice": 0.776692894521691,
        "IoU": 0.7091560916341774
      },
      "class_metrics": {
        "Class_1": {
          "Dice": 0.9867030431441742,
          "IoU": 0.9745627208620088
        },
        "Class_2": {
          "Dice": 0.810775627322343,
          "IoU": 0.7280622839928657
        },
        "Class_3": {
          "Dice": 0.5326000130985554,
          "IoU": 0.4248432700476577
        }
      }
    },
    "Dataset003_enhance_and_abnormality_batchconfig": {
      "overall": {
        "Dice": 0.7883432787028758,
        "IoU": 0.7232662996092536
      },
      "class_metrics": {
        "Class_1": {
          "Dice": 0.9869062035305266,
          "IoU": 0.974971800867428
        },
        "Class_2": {
          "Dice": 0.8208156992734613,
          "IoU": 0.7419296907885664
        },
        "Class_3": {
          "Dice": 0.5573079333046396,
          "IoU": 0.4528974071717664
        }
      }
    }
  },
  "improvements": {
    "overall": {
      "Dice": 1.1650384181184803,
      "IoU": 1.4110207975076228
    },
    "classes": {
      "Class_1": {
        "Dice": 0.020316038635237454,
        "IoU": 0.04090800054191712
      },
      "Class_2": {
        "Dice": 1.0040071951118335,
        "IoU": 1.3867406795700754
      },
      "Class_3": {
        "Dice": 2.4707920206084144,
        "IoU": 2.8054137124108705
      }
    }
  },
  "winner": "Dataset003_enhance_and_abnormality_batchconfig"
}